filed_date,ticker,issuer_name,issuer_cik,insider,relationship,code,shares,price_per_share,value_usd,shares_owned_following,increase_ratio,cluster,cluster_insiders,cluster_notional,uniform_price_cluster,listed_equity,s2,accession,filing_url
2026-10-01,N/A,John Hancock GA Mortgage Trust,0001742952,Life Manufacturers,"{'director': False, 'officer': False, 'ten_pct_owner': True, 'officer_title': ''}",P,56773.7757,17.613,999956.51,21312820.6284,0.0027,true,2,4999782.56,false,false,False,0001833683-26-000019,https://www.sec.gov/Archives/edgar/data/1742952/000183368326000019/0001833683-26-000019-index.htm
2026-10-01,N/A,John Hancock GA Mortgage Trust,0001742952,Manulife (Singapore) Pte. Ltd.,"{'director': False, 'officer': False, 'ten_pct_owner': True, 'officer_title': ''}",P,227095.1028,17.613,3999826.05,16518581.1917,0.0139,true,2,4999782.56,false,false,False,0001837478-26-000018,https://www.sec.gov/Archives/edgar/data/1742952/000183747826000018/0001837478-26-000018-index.htm
2026-10-01,BBASX,"AMG BBH Asset-Backed Credit Fund, LLC",0002097545,AMG New York Holdings Corp.,"{'director': False, 'officer': False, 'ten_pct_owner': True, 'officer_title': ''}",P,280701.754,11.4,3200000.0,1822463.816,0.1821,true,2,4000000.0,false,false,True,0001193125-26-410415,https://www.sec.gov/Archives/edgar/data/2097545/000119312526410415/0001193125-26-410415-index.htm
2026-10-01,NONE,Blackstone Private Equity Strategies Fund L.P.,0001930054,Joan Solotar,"{'director': True, 'officer': False, 'ten_pct_owner': False, 'officer_title': ''}",P,4354.984,39.7246,173000.0,215562.136,0.0206,true,2,304000.01,false,false,False,0001193125-26-410738,https://www.sec.gov/Archives/edgar/data/1930054/000119312526410738/0001193125-26-410738-index.htm
2026-10-01,NONE,Blackstone Private Equity Strategies Fund L.P.,0001930054,Christopher James,"{'director': True, 'officer': True, 'ten_pct_owner': False, 'officer_title': 'Chairperson'}",P,3297.705,39.7246,131000.01,19424.31,0.2045,true,2,304000.01,false,false,True,0001193125-26-410740,https://www.sec.gov/Archives/edgar/data/1930054/000119312526410740/0001193125-26-410740-index.htm
2026-10-02,N/A,Fortress Net Lease REIT,0001966394,"TIEDEMANN ADVISORS, LLC","{'director': False, 'officer': False, 'ten_pct_owner': True, 'officer_title': ''}",P,1860568.96,10.7494,19999999.98,2325711.2005,4.0,false,,,false,false,True,0000919574-26-006648,https://www.sec.gov/Archives/edgar/data/2046647/000091957426006648/0000919574-26-006648-index.htm
2026-10-01,NONE,"CNL Strategic Residential Credit, Inc.",0002066337,James Seneff,"{'director': False, 'officer': False, 'ten_pct_owner': True, 'officer_title': ''}",P,206100.58,24.26,5000000.07,306100.58,2.061,false,,,false,false,True,0001437749-26-031762,https://www.sec.gov/Archives/edgar/data/2066337/000143774926031762/0001437749-26-031762-index.htm
2026-10-01,GPUS,"Hyperscale Data, Inc.",0000896493,Milton Ault,"{'director': True, 'officer': True, 'ten_pct_owner': True, 'officer_title': 'Executive Chairman'}",P,10000000.0,0.5,5000000.0,13925566.0,2.5474,false,,,false,true,True,0001214659-26-012383,https://www.sec.gov/Archives/edgar/data/1734770/000121465926012383/0001214659-26-012383-index.htm
2026-10-01,ORCL,Oracle Corp,0001341439,Stephen Rusckowski,"{'director': True, 'officer': False, 'ten_pct_owner': False, 'officer_title': ''}",P,25000.0,139.352,3483800.0,25390.0,64.1026,false,,,false,true,True,0001341439-26-000099,https://www.sec.gov/Archives/edgar/data/1341439/000134143926000099/0001341439-26-000099-index.htm
2026-10-01,GBR,"New Concept Energy, Inc.",0000105744,REALTY ADVISORS INC,"{'director': False, 'officer': False, 'ten_pct_owner': True, 'officer_title': ''}",P,2000000.0,1.0,2000000.0,2400000.0,5.0,false,,,false,true,True,0001273348-26-000012,https://www.sec.gov/Archives/edgar/data/105744/000127334826000012/0001273348-26-000012-index.htm
2026-10-01,XENE,Xenon Pharmaceuticals Inc.,0001582313,Ian Mortimer,"{'director': True, 'officer': True, 'ten_pct_owner': False, 'officer_title': 'PRESIDENT & CEO'}",P,30000.0,37.38,1121400.0,49923.0,1.5058,false,,,false,true,True,0001193125-26-409999,https://www.sec.gov/Archives/edgar/data/1619961/000119312526409999/0001193125-26-409999-index.htm
2026-10-02,DLHC,DLH Holdings Corp.,0000785557,Mink Brook Asset Management LLC,"{'director': False, 'officer': False, 'ten_pct_owner': True, 'officer_title': ''}",P,199099.0,3.7,736666.3,893421.0,0.2868,false,,,false,true,True,0001628280-26-064396,https://www.sec.gov/Archives/edgar/data/2052205/000162828026064396/0001628280-26-064396-index.htm
2026-10-01,XENE,Xenon Pharmaceuticals Inc.,0001582313,Thomas Kelly,"{'director': False, 'officer': True, 'ten_pct_owner': False, 'officer_title': 'Chief Financial Officer'}",P,15000.0,37.316,559740.0,15000.0,,false,,,false,true,True,0001193125-26-410001,https://www.sec.gov/Archives/edgar/data/1582313/000119312526410001/0001193125-26-410001-index.htm
2026-10-01,DKS,"Dick's Sporting Goods, Inc.",0001089063,Matthew Barnes,"{'director': False, 'officer': True, 'ten_pct_owner': False, 'officer_title': 'President - Foot Locker Intl'}",P,3665.0,136.3899,499868.98,11965.0,0.4416,false,,,false,true,True,0002100573-26-000006,https://www.sec.gov/Archives/edgar/data/2100573/000210057326000006/0002100573-26-000006-index.htm
2026-10-01,TKLF,"Tokyo Lifestyle Co., Ltd.",0001836242,Mei Kanayama,"{'director': True, 'officer': True, 'ten_pct_owner': True, 'officer_title': 'Representative Director (PEO)'}",P,1396755.0,0.274,382710.87,8613191.0,0.1936,false,,,false,true,True,0001213900-26-105765,https://www.sec.gov/Archives/edgar/data/1906212/000121390026105765/0001213900-26-105765-index.htm
2026-10-01,GME,GameStop Corp.,0001326380,Nat Turner,"{'director': True, 'officer': False, 'ten_pct_owner': False, 'officer_title': ''}",P,10462.0,24.33,254540.46,10462.0,,false,,,false,true,True,0001822293-26-000002,https://www.sec.gov/Archives/edgar/data/1822293/000182229326000002/0001822293-26-000002-index.htm
2026-10-01,TRCK,"Track Group, Inc.",0001045942,"JCP Investment Management, LLC","{'director': False, 'officer': False, 'ten_pct_owner': True, 'officer_title': ''}",P,384021.0,0.6,230412.6,1937302.0,0.2472,false,,,false,true,True,0000921895-26-002696,https://www.sec.gov/Archives/edgar/data/1461948/000092189526002696/0000921895-26-002696-index.htm
2026-10-01,FLNA,"Filana Therapeutics, Inc.",0001069530,Richard Barry,"{'director': True, 'officer': True, 'ten_pct_owner': False, 'officer_title': 'President & CEO'}",P,206813.0,0.9,186131.7,1237964.0,0.2006,false,,,false,true,True,0001437749-26-031654,https://www.sec.gov/Archives/edgar/data/1562371/000143774926031654/0001437749-26-031654-index.htm
2026-10-01,FUL,Fuller H B Co,0000039368,Michael Happe,"{'director': True, 'officer': False, 'ten_pct_owner': False, 'officer_title': ''}",P,2000.0,49.625,99250.0,3343.0,1.4892,false,,,false,true,True,0001225208-26-008046,https://www.sec.gov/Archives/edgar/data/39368/000122520826008046/0001225208-26-008046-index.htm
2026-10-01,PCG,PG&E Corp,0001004980,John Larsen,"{'director': True, 'officer': False, 'ten_pct_owner': False, 'officer_title': ''}",P,7500.0,12.2,91500.0,36685.19,0.257,false,,,false,true,True,0001628280-26-064255,https://www.sec.gov/Archives/edgar/data/1483963/000162828026064255/0001628280-26-064255-index.htm
2026-10-02,LEEEF,Leef Brands Inc.,0001711141,Robert Mendola,"{'director': True, 'officer': False, 'ten_pct_owner': False, 'officer_title': ''}",P,357553.0,0.25,89388.25,357553.0,,false,,,false,true,True,0001493152-26-045569,https://www.sec.gov/Archives/edgar/data/1714279/000149315226045569/0001493152-26-045569-index.htm
2026-10-01,VENU,Venu Holding Corp,0001770501,Thomas Finke,"{'director': True, 'officer': False, 'ten_pct_owner': False, 'officer_title': ''}",P,50000.0,1.518,75900.0,379605.0,0.1517,false,,,false,true,True,0001493152-26-045391,https://www.sec.gov/Archives/edgar/data/1770501/000149315226045391/0001493152-26-045391-index.htm
2026-10-01,PRHI,"Presurance Holdings, Inc.",0001502292,Joseph Sarafa,"{'director': True, 'officer': False, 'ten_pct_owner': False, 'officer_title': ''}",P,11000.0,6.7497,74246.7,61000.0,0.22,false,,,false,true,True,0001193125-26-410914,https://www.sec.gov/Archives/edgar/data/1502292/000119312526410914/0001193125-26-410914-index.htm
2026-10-01,PRHI,"Presurance Holdings, Inc.",0001502292,Brian Roney,"{'director': False, 'officer': True, 'ten_pct_owner': False, 'officer_title': 'Chief Executive Officer'}",P,7500.0,6.7497,50622.75,80390.0,0.1029,false,,,false,true,True,0001193125-26-410894,https://www.sec.gov/Archives/edgar/data/1502292/000119312526410894/0001193125-26-410894-index.htm
2026-10-01,CSWC,Capital Southwest Corp,0000017313,William Thomas,"{'director': True, 'officer': False, 'ten_pct_owner': False, 'officer_title': ''}",P,2170.0,23.044,50005.48,22842.0,0.105,false,,,false,true,True,0000017313-26-000159,https://www.sec.gov/Archives/edgar/data/1369011/000001731326000159/0000017313-26-000159-index.htm
2026-10-01,MOALX,Lord Abbett Municipal Opportunities Fund,0002029852,Christopher English,"{'director': False, 'officer': False, 'ten_pct_owner': False, 'officer_title': ''}",P,5213.764,9.59,50000.0,27290.189,0.2362,false,,,false,false,True,0000930413-26-003049,https://www.sec.gov/Archives/edgar/data/2037483/000093041326003049/0000930413-26-003049-index.htm
